{"cameraMode":{"drawMode":0,"name":"Shaded","section":"Shading Mode"},"sceneLighting":true,"audioPlay":false,"sceneViewState":{"showFog":true,"showMaterialUpdate":false,"showSkybox":true,"showFlares":true,"showImageEffects":true,"showParticleSystems":true},"in2DMode":false,"pivot":{"x":0.039233505725860599,"y":0.8996138572692871,"z":-0.1426241397857666},"rotation":{"x":-0.11727099865674973,"y":-0.25987592339515688,"z":0.03181278333067894,"w":-0.9579666256904602},"size":1.5444071292877198,"orthographic":false}