{"cameraMode":{"drawMode":0,"name":"Shaded","section":"Shading Mode"},"sceneLighting":true,"audioPlay":false,"sceneViewState":{"showFog":true,"showMaterialUpdate":false,"showSkybox":true,"showFlares":true,"showImageEffects":true,"showParticleSystems":true},"in2DMode":false,"pivot":{"x":1686.300048828125,"y":161.70004272460938,"z":-0.0000057452307373750959},"rotation":{"x":0.01049958448857069,"y":0.0180014930665493,"z":-0.00017261980974581093,"w":0.9998093843460083},"size":323.4166564941406,"orthographic":true}