{"cameraMode":{"drawMode":0,"name":"Shaded","section":"Shading Mode"},"sceneLighting":true,"audioPlay":false,"sceneViewState":{"showFog":true,"showMaterialUpdate":false,"showSkybox":true,"showFlares":true,"showImageEffects":true,"showParticleSystems":true},"in2DMode":false,"pivot":{"x":3.0016379356384279,"y":0.8117631673812866,"z":-2.092733383178711},"rotation":{"x":-0.22450454533100129,"y":0.674805223941803,"z":-0.22773994505405427,"w":-0.6651595234870911},"size":9.225170135498047,"orthographic":true}