{"cameraMode":{"drawMode":0,"name":"Shaded","section":"Shading Mode"},"sceneLighting":true,"audioPlay":false,"sceneViewState":{"showFog":true,"showMaterialUpdate":false,"showSkybox":true,"showFlares":true,"showImageEffects":true,"showParticleSystems":true},"in2DMode":false,"pivot":{"x":1.1874042749404908,"y":0.2859414517879486,"z":-1.9070706367492676},"rotation":{"x":-0.14842645823955537,"y":-0.6553401947021484,"z":0.13353033363819123,"w":-0.7284839749336243},"size":3.1600682735443117,"orthographic":true}