{"cameraMode":{"drawMode":0,"name":"Shaded","section":"Shading Mode"},"sceneLighting":false,"audioPlay":false,"sceneViewState":{"showFog":true,"showMaterialUpdate":false,"showSkybox":false,"showFlares":true,"showImageEffects":true,"showParticleSystems":true},"in2DMode":false,"pivot":{"x":0.0,"y":-0.1264195442199707,"z":-0.007955491542816162},"rotation":{"x":-0.12158607691526413,"y":0.8390287160873413,"z":-0.2093304842710495,"w":-0.4873342514038086},"size":2.9066388607025148,"orthographic":true}