{"cameraMode":{"drawMode":0,"name":"Shaded","section":"Shading Mode"},"sceneLighting":false,"audioPlay":false,"sceneViewState":{"showFog":true,"showMaterialUpdate":false,"showSkybox":false,"showFlares":true,"showImageEffects":true,"showParticleSystems":true},"in2DMode":false,"pivot":{"x":1.996685266494751,"y":0.22439232468605042,"z":-5.905210494995117},"rotation":{"x":0.4398251175880432,"y":-0.044425759464502338,"z":0.021788563579320909,"w":0.8967289328575134},"size":4.2462382316589359,"orthographic":true}