{"cameraMode":{"drawMode":0,"name":"Shaded","section":"Shading Mode"},"sceneLighting":true,"audioPlay":false,"sceneViewState":{"showFog":true,"showMaterialUpdate":false,"showSkybox":true,"showFlares":true,"showImageEffects":true,"showParticleSystems":true},"in2DMode":false,"pivot":{"x":728.0,"y":726.719970703125,"z":215.9986114501953},"rotation":{"x":-0.010467292740941048,"y":0.07551883161067963,"z":-0.0008371576550416648,"w":-0.9971293807029724},"size":2326.404052734375,"orthographic":true}