{"cameraMode":{"drawMode":0,"name":"Shaded","section":"Shading Mode"},"sceneLighting":true,"audioPlay":false,"sceneViewState":{"showFog":true,"showMaterialUpdate":false,"showSkybox":true,"showFlares":true,"showImageEffects":true,"showParticleSystems":true},"in2DMode":false,"pivot":{"x":1658.53759765625,"y":494.2095031738281,"z":0.0},"rotation":{"x":-0.034489791840314868,"y":-0.01708463951945305,"z":0.0005815258482471108,"w":-0.9992784857749939},"size":1238.7532958984375,"orthographic":true}