{"cameraMode":{"drawMode":0,"name":"Shaded","section":"Shading Mode"},"sceneLighting":false,"audioPlay":false,"sceneViewState":{"showFog":true,"showMaterialUpdate":false,"showSkybox":false,"showFlares":true,"showImageEffects":true,"showParticleSystems":true},"in2DMode":false,"pivot":{"x":-0.00011909008026123047,"y":0.5529999732971191,"z":-0.0012304484844207764},"rotation":{"x":-0.2207002341747284,"y":0.08998376876115799,"z":-0.020448941737413408,"w":-0.9709724187850952},"size":1.3072149753570557,"orthographic":true}