{"cameraMode":{"drawMode":0,"name":"Shaded","section":"Shading Mode"},"sceneLighting":true,"audioPlay":false,"sceneViewState":{"showFog":true,"showMaterialUpdate":false,"showSkybox":true,"showFlares":true,"showImageEffects":true,"showParticleSystems":true},"in2DMode":false,"pivot":{"x":1.1874042749404908,"y":0.2859414517879486,"z":-1.9070706367492676},"rotation":{"x":-0.2794575095176697,"y":-0.1054365411400795,"z":0.030900001525878907,"w":-0.9538618326187134},"size":8.03662395477295,"orthographic":true}