{"cameraMode":{"drawMode":0,"name":"Shaded","section":"Shading Mode"},"sceneLighting":true,"audioPlay":false,"sceneViewState":{"showFog":true,"showMaterialUpdate":false,"showSkybox":true,"showFlares":true,"showImageEffects":true,"showParticleSystems":true},"in2DMode":false,"pivot":{"x":1.0000706911087037,"y":1.142199993133545,"z":-0.002365425229072571},"rotation":{"x":-0.2505033612251282,"y":-0.047026604413986209,"z":0.012173810042440892,"w":-0.9669140577316284},"size":22.071842193603517,"orthographic":true}