{"cameraMode":{"drawMode":0,"name":"Shaded","section":"Shading Mode"},"sceneLighting":false,"audioPlay":false,"sceneViewState":{"showFog":true,"showMaterialUpdate":false,"showSkybox":false,"showFlares":true,"showImageEffects":true,"showParticleSystems":true},"in2DMode":false,"pivot":{"x":172.20004272460938,"y":114.60003662109375,"z":-0.00000476837158203125},"rotation":{"x":-0.010500042699277401,"y":0.011404566466808319,"z":-0.00012892769882455468,"w":-0.9999022483825684},"size":22.0,"orthographic":true}