{"cameraMode":{"drawMode":0,"name":"Shaded","section":"Shading Mode"},"sceneLighting":true,"audioPlay":false,"sceneViewState":{"showFog":true,"showMaterialUpdate":false,"showSkybox":true,"showFlares":true,"showImageEffects":true,"showParticleSystems":true},"in2DMode":false,"pivot":{"x":9.683273315429688,"y":7.402838706970215,"z":-4.2292256355285648},"rotation":{"x":-0.24024072289466859,"y":0.7252805233001709,"z":-0.30706900358200076,"w":-0.5674238204956055},"size":11.590889930725098,"orthographic":true}