{"cameraMode":{"drawMode":0,"name":"Shaded","section":"Shading Mode"},"sceneLighting":false,"audioPlay":false,"sceneViewState":{"showFog":true,"showMaterialUpdate":false,"showSkybox":false,"showFlares":true,"showImageEffects":true,"showParticleSystems":true},"in2DMode":false,"pivot":{"x":3.0016379356384279,"y":0.8213576078414917,"z":-5.092733383178711},"rotation":{"x":-0.031489722430706027,"y":0.9685598611831665,"z":-0.1747451275587082,"w":-0.17444929480552674},"size":2.3810172080993654,"orthographic":true}