{"cameraMode":{"drawMode":0,"name":"Shaded","section":"Shading Mode"},"sceneLighting":true,"audioPlay":false,"sceneViewState":{"showFog":true,"showMaterialUpdate":false,"showSkybox":true,"showFlares":true,"showImageEffects":true,"showParticleSystems":true},"in2DMode":false,"pivot":{"x":253.17498779296876,"y":233.7205352783203,"z":0.0},"rotation":{"x":0.01049958448857069,"y":0.0180014930665493,"z":-0.00017261980974581093,"w":0.9998093843460083},"size":675.29248046875,"orthographic":true}