{"cameraMode":{"drawMode":0,"name":"Shaded","section":"Shading Mode"},"sceneLighting":false,"audioPlay":false,"sceneViewState":{"showFog":true,"showMaterialUpdate":false,"showSkybox":false,"showFlares":true,"showImageEffects":true,"showParticleSystems":true},"in2DMode":false,"pivot":{"x":-0.0014234185218811036,"y":0.5659999847412109,"z":0.001524701714515686},"rotation":{"x":-0.2207002341747284,"y":0.08998376876115799,"z":-0.020448941737413408,"w":-0.9709724187850952},"size":1.3332135677337647,"orthographic":true}