{"cameraMode":{"drawMode":0,"name":"Shaded","section":"Shading Mode"},"sceneLighting":true,"audioPlay":false,"sceneViewState":{"showFog":true,"showMaterialUpdate":false,"showSkybox":true,"showFlares":true,"showImageEffects":true,"showParticleSystems":true},"in2DMode":false,"pivot":{"x":3.0016379356384279,"y":0.8117631673812866,"z":-2.092733383178711},"rotation":{"x":-0.1339496225118637,"y":0.7847251296043396,"z":-0.18207257986068726,"w":-0.5772184133529663},"size":3.2427868843078615,"orthographic":true}