{"cameraMode":{"drawMode":0,"name":"Shaded","section":"Shading Mode"},"sceneLighting":true,"audioPlay":false,"sceneViewState":{"showFog":true,"showMaterialUpdate":false,"showSkybox":true,"showFlares":true,"showImageEffects":true,"showParticleSystems":true},"in2DMode":false,"pivot":{"x":1385.849853515625,"y":741.053955078125,"z":0.0},"rotation":{"x":0.06146100163459778,"y":-0.0029944528359919788,"z":0.00018439374980516732,"w":0.998104989528656},"size":341.4618835449219,"orthographic":true}