{"cameraMode":{"drawMode":0,"name":"Shaded","section":"Shading Mode"},"sceneLighting":true,"audioPlay":false,"sceneViewState":{"showFog":true,"showMaterialUpdate":false,"showSkybox":true,"showFlares":true,"showImageEffects":true,"showParticleSystems":true},"in2DMode":false,"pivot":{"x":1436.22314453125,"y":74.368896484375,"z":0.0},"rotation":{"x":0.0029539577662944795,"y":-0.17075715959072114,"z":-0.0005194682744331658,"w":-0.9853273034095764},"size":3058.13427734375,"orthographic":true}