{"cameraMode":{"drawMode":0,"name":"Shaded","section":"Shading Mode"},"sceneLighting":true,"audioPlay":false,"sceneViewState":{"showFog":true,"showMaterialUpdate":false,"showSkybox":true,"showFlares":true,"showImageEffects":true,"showParticleSystems":true},"in2DMode":false,"pivot":{"x":1810.9000244140625,"y":179.10000610351563,"z":0.0},"rotation":{"x":0.05407965928316116,"y":0.22277256846427918,"z":-0.012358921580016613,"w":0.9733185172080994},"size":2117.282958984375,"orthographic":true}