{"cameraMode":{"drawMode":0,"name":"Shaded","section":"Shading Mode"},"sceneLighting":false,"audioPlay":false,"sceneViewState":{"showFog":true,"showMaterialUpdate":false,"showSkybox":false,"showFlares":true,"showImageEffects":true,"showParticleSystems":true},"in2DMode":false,"pivot":{"x":0.006731808185577393,"y":0.609000027179718,"z":0.001344442367553711},"rotation":{"x":-0.2207002341747284,"y":0.08998376876115799,"z":-0.020448941737413408,"w":-0.9709724187850952},"size":1.5509350299835206,"orthographic":true}