{"cameraMode":{"drawMode":0,"name":"Shaded","section":"Shading Mode"},"sceneLighting":true,"audioPlay":false,"sceneViewState":{"showFog":true,"showMaterialUpdate":false,"showSkybox":true,"showFlares":true,"showImageEffects":true,"showParticleSystems":true},"in2DMode":false,"pivot":{"x":1.0000706911087037,"y":1.142199993133545,"z":-0.002365425229072571},"rotation":{"x":-0.24739320576190949,"y":-0.061571959406137469,"z":0.015745285898447038,"w":-0.9668463468551636},"size":0.7527771592140198,"orthographic":true}