{"cameraMode":{"drawMode":0,"name":"Shaded","section":"Shading Mode"},"sceneLighting":true,"audioPlay":false,"sceneViewState":{"showFog":true,"showMaterialUpdate":false,"showSkybox":true,"showFlares":true,"showImageEffects":true,"showParticleSystems":true},"in2DMode":false,"pivot":{"x":2.887338161468506,"y":1.6280574798583985,"z":-3.4357950687408449},"rotation":{"x":0.03218716010451317,"y":0.9539825916290283,"z":-0.2767089009284973,"w":0.11096905916929245},"size":2.0707504749298097,"orthographic":false}