{"cameraMode":{"drawMode":0,"name":"Shaded","section":"Shading Mode"},"sceneLighting":true,"audioPlay":false,"sceneViewState":{"showFog":true,"showMaterialUpdate":false,"showSkybox":true,"showFlares":true,"showImageEffects":true,"showParticleSystems":true},"in2DMode":false,"pivot":{"x":604.4617919921875,"y":702.192138671875,"z":0.0},"rotation":{"x":0.02246795780956745,"y":-0.0521673783659935,"z":0.0011706516379490495,"w":0.9983876943588257},"size":1353.1553955078125,"orthographic":true}