{"cameraMode":{"drawMode":0,"name":"Shaded","section":"Shading Mode"},"sceneLighting":true,"audioPlay":false,"sceneViewState":{"showFog":true,"showMaterialUpdate":false,"showSkybox":false,"showFlares":true,"showImageEffects":true,"showParticleSystems":true},"in2DMode":false,"pivot":{"x":5.1281561851501469,"y":5.117484092712402,"z":-4.618017196655273},"rotation":{"x":0.15240274369716645,"y":-0.004448958206921816,"z":0.0006873286911286414,"w":0.9883126020431519},"size":61.869773864746097,"orthographic":false}