{"cameraMode":{"drawMode":0,"name":"Shaded","section":"Shading Mode"},"sceneLighting":true,"audioPlay":false,"sceneViewState":{"showFog":true,"showMaterialUpdate":false,"showSkybox":true,"showFlares":true,"showImageEffects":true,"showParticleSystems":true},"in2DMode":false,"pivot":{"x":2.984398365020752,"y":3.1789870262145998,"z":-1.5540728569030762},"rotation":{"x":0.28960251808166506,"y":-0.6794850826263428,"z":0.3370749056339264,"w":0.5837960839271545},"size":1.3044300079345704,"orthographic":false}