{"cameraMode":{"drawMode":0,"name":"Shaded","section":"Shading Mode"},"sceneLighting":true,"audioPlay":false,"sceneViewState":{"showFog":true,"showMaterialUpdate":false,"showSkybox":true,"showFlares":true,"showImageEffects":true,"showParticleSystems":true},"in2DMode":false,"pivot":{"x":93.552001953125,"y":389.4420166015625,"z":-0.7559999823570252},"rotation":{"x":0.030594801530241967,"y":0.9168963432312012,"z":-0.3914458751678467,"w":0.07166334241628647},"size":2216.4814453125,"orthographic":true}