{"cameraMode":{"drawMode":0,"name":"Shaded","section":"Shading Mode"},"sceneLighting":true,"audioPlay":false,"sceneViewState":{"showFog":true,"showMaterialUpdate":false,"showSkybox":true,"showFlares":true,"showImageEffects":true,"showParticleSystems":true},"in2DMode":false,"pivot":{"x":993.56201171875,"y":1132.1949462890625,"z":-20.800321578979493},"rotation":{"x":0.2725917398929596,"y":-0.1931770294904709,"z":0.055968571454286578,"w":0.940878689289093},"size":328.2989807128906,"orthographic":false}