{"cameraMode":{"drawMode":0,"name":"Shaded","section":"Shading Mode"},"sceneLighting":true,"audioPlay":false,"sceneViewState":{"showFog":true,"showMaterialUpdate":false,"showSkybox":true,"showFlares":true,"showImageEffects":true,"showParticleSystems":true},"in2DMode":false,"pivot":{"x":6.987457275390625,"y":0.72357577085495,"z":-1.929192066192627},"rotation":{"x":0.09413325786590576,"y":0.068931445479393,"z":-0.00653679808601737,"w":0.9931517243385315},"size":2.9806172847747804,"orthographic":true}