{"cameraMode":{"drawMode":0,"name":"Shaded","section":"Shading Mode"},"sceneLighting":true,"audioPlay":false,"sceneViewState":{"showFog":true,"showMaterialUpdate":false,"showSkybox":true,"showFlares":true,"showImageEffects":true,"showParticleSystems":true},"in2DMode":false,"pivot":{"x":1474.0,"y":1099.806640625,"z":248.699951171875},"rotation":{"x":0.09284497797489166,"y":0.021202558651566507,"z":-0.001977483043447137,"w":0.9954530000686646},"size":2028.0784912109375,"orthographic":true}