{"cameraMode":{"drawMode":0,"name":"Shaded","section":"Shading Mode"},"sceneLighting":true,"audioPlay":false,"sceneViewState":{"showFog":true,"showMaterialUpdate":false,"showSkybox":true,"showFlares":true,"showImageEffects":true,"showParticleSystems":true},"in2DMode":false,"pivot":{"x":907.738525390625,"y":37.99969482421875,"z":0.0},"rotation":{"x":0.09284497797489166,"y":0.021202558651566507,"z":-0.001977483043447137,"w":0.9954530000686646},"size":451.6200256347656,"orthographic":true}