{"cameraMode":{"drawMode":0,"name":"Shaded","section":"Shading Mode"},"sceneLighting":true,"audioPlay":false,"sceneViewState":{"showFog":true,"showMaterialUpdate":false,"showSkybox":true,"showFlares":true,"showImageEffects":true,"showParticleSystems":true},"in2DMode":false,"pivot":{"x":4.567813873291016,"y":3.3051328659057619,"z":-3.5668587684631349},"rotation":{"x":0.29305484890937807,"y":0.7060021758079529,"z":-0.4771278500556946,"w":0.43363112211227419},"size":6.068063259124756,"orthographic":false}