{"cameraMode":{"drawMode":0,"name":"Shaded","section":"Shading Mode"},"sceneLighting":false,"audioPlay":false,"sceneViewState":{"showFog":false,"showMaterialUpdate":false,"showSkybox":false,"showFlares":false,"showImageEffects":false,"showParticleSystems":false},"in2DMode":false,"pivot":{"x":354.99993896484377,"y":123.2510757446289,"z":-7.927418010922338e-8},"rotation":{"x":0.1833028495311737,"y":0.040092602372169498,"z":-0.007481810636818409,"w":0.982212483882904},"size":865.5221557617188,"orthographic":true}