{"cameraMode":{"drawMode":0,"name":"Shaded","section":"Shading Mode"},"sceneLighting":false,"audioPlay":false,"sceneViewState":{"showFog":false,"showMaterialUpdate":false,"showSkybox":false,"showFlares":false,"showImageEffects":false,"showParticleSystems":false},"in2DMode":false,"pivot":{"x":4.502908229827881,"y":-9.854730606079102,"z":-3.121852397918701},"rotation":{"x":0.695346474647522,"y":7.010484637248737e-8,"z":3.6721658602800747e-8,"w":0.7186779975891113},"size":20.936723709106447,"orthographic":false}