{"cameraMode":{"drawMode":0,"name":"Shaded","section":"Shading Mode"},"sceneLighting":false,"audioPlay":false,"sceneViewState":{"showFog":false,"showMaterialUpdate":false,"showSkybox":false,"showFlares":false,"showImageEffects":false,"showParticleSystems":false},"in2DMode":false,"pivot":{"x":3.4763011932373049,"y":7.6499834060668949,"z":-1.6885871887207032},"rotation":{"x":0.13938014209270478,"y":0.23552745580673219,"z":-0.03415193408727646,"w":0.9612169861793518},"size":20.98474884033203,"orthographic":true}