{"cameraMode":{"drawMode":0,"name":"Shaded","section":"Shading Mode"},"sceneLighting":false,"audioPlay":false,"sceneViewState":{"showFog":true,"showMaterialUpdate":true,"showSkybox":true,"showFlares":true,"showImageEffects":true,"showParticleSystems":true},"in2DMode":false,"pivot":{"x":4.188136577606201,"y":22.529804229736329,"z":-8.031946182250977},"rotation":{"x":0.632595419883728,"y":0.001161850756034255,"z":-0.0009487701463513076,"w":0.7744836807250977},"size":10.749090194702149,"orthographic":true}