{"cameraMode":{"drawMode":0,"name":"Shaded","section":"Shading Mode"},"sceneLighting":false,"audioPlay":false,"sceneViewState":{"showFog":false,"showMaterialUpdate":false,"showSkybox":false,"showFlares":false,"showImageEffects":false,"showParticleSystems":false},"in2DMode":false,"pivot":{"x":0.0325314998626709,"y":0.9009093046188355,"z":0.0},"rotation":{"x":0.7092271447181702,"y":-0.0010574914049357176,"z":0.0010638035601004959,"w":0.7049826979637146},"size":3.681361436843872,"orthographic":true}