{"cameraMode":{"drawMode":0,"name":"Shaded","section":"Shading Mode"},"sceneLighting":false,"audioPlay":false,"sceneViewState":{"showFog":true,"showMaterialUpdate":false,"showSkybox":true,"showFlares":true,"showImageEffects":true,"showParticleSystems":true},"in2DMode":false,"pivot":{"x":1989.908935546875,"y":872.5963134765625,"z":-449.3684997558594},"rotation":{"x":-0.07523210346698761,"y":0.015551683492958546,"z":-0.0011589817004278303,"w":-0.9970682859420776},"size":384.61737060546877,"orthographic":false}