{"cameraMode":{"drawMode":0,"name":"Shaded","section":"Shading Mode"},"sceneLighting":false,"audioPlay":false,"sceneViewState":{"showFog":true,"showMaterialUpdate":false,"showSkybox":true,"showFlares":true,"showImageEffects":true,"showParticleSystems":true},"in2DMode":false,"pivot":{"x":4.192712306976318,"y":0.49968278408050539,"z":-5.807610034942627},"rotation":{"x":-0.053045205771923068,"y":0.9448364973068237,"z":-0.2587566077709198,"w":-0.19369202852249146},"size":3.8132846355438234,"orthographic":false}