{"cameraMode":{"drawMode":0,"name":"Shaded","section":"Shading Mode"},"sceneLighting":false,"audioPlay":false,"sceneViewState":{"showFog":true,"showMaterialUpdate":false,"showSkybox":true,"showFlares":true,"showImageEffects":true,"showParticleSystems":true},"in2DMode":false,"pivot":{"x":3.0,"y":0.28689223527908327,"z":-4.94419527053833},"rotation":{"x":-0.4229971170425415,"y":-0.01440925057977438,"z":0.006727286614477634,"w":-0.9059908390045166},"size":32.76254653930664,"orthographic":false}