{"cameraMode":{"drawMode":0,"name":"Shaded","section":"Shading Mode"},"sceneLighting":false,"audioPlay":false,"sceneViewState":{"showFog":true,"showMaterialUpdate":false,"showSkybox":true,"showFlares":true,"showImageEffects":true,"showParticleSystems":true},"in2DMode":false,"pivot":{"x":66.68545532226563,"y":405.1541748046875,"z":0.0},"rotation":{"x":-0.07523210346698761,"y":0.015551683492958546,"z":-0.0011589817004278303,"w":-0.9970682859420776},"size":819.1928100585938,"orthographic":false}