{"cameraMode":{"drawMode":0,"name":"Shaded","section":"Shading Mode"},"sceneLighting":true,"audioPlay":false,"sceneViewState":{"showFog":true,"showMaterialUpdate":false,"showSkybox":true,"showFlares":true,"showImageEffects":true,"showParticleSystems":true},"in2DMode":false,"pivot":{"x":7.20433235168457,"y":0.3545367121696472,"z":-1.7417850494384766},"rotation":{"x":0.15613031387329102,"y":0.5303636193275452,"z":-0.09805917739868164,"w":0.8274917602539063},"size":2.2439115047454836,"orthographic":false}