{"cameraMode":{"drawMode":0,"name":"Shaded","section":"Shading Mode"},"sceneLighting":true,"audioPlay":false,"sceneViewState":{"showFog":true,"showMaterialUpdate":false,"showSkybox":true,"showFlares":true,"showImageEffects":true,"showParticleSystems":true},"in2DMode":false,"pivot":{"x":0.7483790516853333,"y":1.0546201467514039,"z":-5.584405422210693},"rotation":{"x":-0.1527576446533203,"y":0.7257713079452515,"z":-0.17369899153709413,"w":-0.6478912234306336},"size":4.781167984008789,"orthographic":false}