{"cameraMode":{"drawMode":0,"name":"Shaded","section":"Shading Mode"},"sceneLighting":true,"audioPlay":false,"sceneViewState":{"showFog":true,"showMaterialUpdate":false,"showSkybox":true,"showFlares":true,"showImageEffects":true,"showParticleSystems":true},"in2DMode":false,"pivot":{"x":2.1231164932250978,"y":-4.476247787475586,"z":-2.9702541828155519},"rotation":{"x":-0.44846007227897646,"y":0.5445991158485413,"z":-0.4388757348060608,"w":-0.556492030620575},"size":6.7484130859375,"orthographic":false}